[
    {
        "id":1,
        "name":"Nước hoa The OnlyLove",
        "price":200000,
        "image":"source/img/1.jpg"
    },
    {
        "id":2,
        "name":"Nước hoa Shiny Cristal",
        "price":120000,
        "image":"source/img/2.jpg"
    },
    {
        "id":3,
        "name":"Nước hoa Meeting You",
        "price":120000,
        "image":"source/img/3.jpg"
    },
    {
        "id":4,
        "name":"Kẹp Hoa Sứ Umbre hồng",
        "price":18000,
        "image":"source/img/4.jpg"
    },
    {
        "id":5,
        "name":"Nước hoa Beach Coconut",
        "price":120000,
        "image":"source/img/5.jpg"
    }

]